{
  "designer_bucket_distribution": {
    "[0,10)": 10,
    "[10,20)": 9,
    "[20,30)": 9,
    "[30,40)": 4,
    "[40,50)": 11,
    "[50,60)": 11,
    "[60,70)": 9,
    "[70,80)": 9
  },
  "exact_bucket_accuracy": 0.8333333333333334,
  "exact_match": 60,
  "failures": [],
  "generated_at": "2026-06-30T03:05:44.741786+00:00",
  "low_score_min_binary_accuracy": 0.9583333333333334,
  "low_score_min_recall": 0.9642857142857143,
  "pred_bucket_distribution": {
    "[0,10)": 10,
    "[10,20)": 12,
    "[20,30)": 5,
    "[30,40)": 4,
    "[40,50)": 11,
    "[50,60)": 10,
    "[60,70)": 10,
    "[70,80)": 10
  },
  "records": 72,
  "scores": "/Volumes/TU820/aesthetic/handoff_packages/aesthetic-v4-vlm-judge-package-20260624/acceptance/benchmark_claude47_final_default/scores.jsonl",
  "target": 0.82,
  "target_met": true,
  "thresholds": [
    {
      "binary_accuracy": 0.9583333333333334,
      "fn": 0,
      "fp": 3,
      "precision": 0.8636363636363636,
      "recall": 1.0,
      "threshold": 20,
      "tn": 50,
      "tp": 19
    },
    {
      "binary_accuracy": 0.9861111111111112,
      "fn": 1,
      "fp": 0,
      "precision": 1.0,
      "recall": 0.9642857142857143,
      "threshold": 30,
      "tn": 44,
      "tp": 27
    },
    {
      "binary_accuracy": 0.9861111111111112,
      "fn": 1,
      "fp": 0,
      "precision": 1.0,
      "recall": 0.96875,
      "threshold": 40,
      "tn": 40,
      "tp": 31
    }
  ]
}